id,password
admin,admin
jose,jose
javier,javier
Barbabra Morse,cR1xw0
Maggee Mindenhall,Va0E658d
Elli Da Costa,YzKh80
Betsy Lowndes,LzG59hGl
Stevy Common,453Waaez8
Nisse Tollit,kHGm0aaHi
Whittaker Kitchingman,EASMxe61X
Cointon Hollows,MZ7LPjKx
Jeanna Healy,juHztiD2j
Lu Renwick,LRLPHE9uDa
Moore MacFall,n0pIUJl
Emlyn Petrosian,ft4nRAjb
Casi Hallitt,KTkuvkt
Klarrisa Gainforth,lX9zXtFXI
Patsy Jarrel,0uSQ3Qa
Nicki Hampshire,a34dUb8
Barbaraanne Gilbart,bFQbh5
Alverta Exon,XwIw5cd8dbDv
Laurie Stockney,vzIUs5
Heidie Freschi,O4ow0Ti83BM
Garner Aitken,vIdGUsnP4oD
Meghan Storck,ykYaghGnsKJ
